Time [s],Packet ID,Address,Data,Read/Write,ACK/NAK
0.007708480000000,0,0x50,0x00,Write,ACK
0.007911200000000,0,0x50,0xDE,Read,ACK
0.008009760000000,0,0x50,0xAD,Read,ACK
0.008108480000000,0,0x50,0xBE,Read,ACK
0.008203840000000,0,0x50,0xEF,Read,NAK
0.019485920000000,,0x62,,Write,NAK
0.051083680000000,0,0x50,0x00,Write,ACK
0.051179040000000,0,0x50,0xDE,Write,ACK
0.051274400000000,0,0x50,0xAD,Write,ACK
0.051373120000000,0,0x50,0xBE,Write,ACK
0.051468480000000,0,0x50,0xEF,Write,ACK
0.063083520000000,0,0x50,0x04,Write,ACK
0.063178880000000,0,0x50,0x11,Write,ACK
0.063274240000000,0,0x50,0x22,Write,ACK
0.074833440000000,0,0x50,0x00,Write,ACK
0.075036160000000,0,0x50,0xDE,Read,ACK
0.075136160000000,0,0x50,0xAD,Read,ACK
0.075231520000000,0,0x50,0xBE,Read,ACK
0.075326880000000,0,0x50,0xEF,Read,NAK
0.086736640000000,,0x62,,Write,NAK
0.118459840000000,0,0x50,0x00,Write,ACK
0.118555360000000,0,0x50,0xDE,Write,ACK
0.118650720000000,0,0x50,0xAD,Write,ACK
0.118749440000000,0,0x50,0xBE,Write,ACK
0.118844800000000,0,0x50,0xEF,Write,ACK
0.130334880000000,0,0x50,0x04,Write,ACK
0.130430240000000,0,0x50,0x11,Write,ACK
0.130525600000000,0,0x50,0x22,Write,ACK
0.141958720000000,0,0x50,0x00,Write,ACK
0.142161440000000,0,0x50,0xDE,Read,ACK
0.142260800000000,0,0x50,0xAD,Read,ACK
0.142359520000000,0,0x50,0xBE,Read,ACK
0.142454880000000,0,0x50,0xEF,Read,NAK
0.153862560000000,,0x62,,Write,NAK
0.185709920000000,0,0x50,0x00,Write,ACK
0.185805280000000,0,0x50,0xDE,Write,ACK
0.185900640000000,0,0x50,0xAD,Write,ACK
0.185999200000000,0,0x50,0xBE,Write,ACK
0.186094560000000,0,0x50,0xEF,Write,ACK
0.197835840000000,0,0x50,0x04,Write,ACK
0.197931200000000,0,0x50,0x11,Write,ACK
0.198028640000000,0,0x50,0x22,Write,ACK
0.209585280000000,0,0x50,0x00,Write,ACK
0.209788000000000,0,0x50,0xDE,Read,ACK
0.209886720000000,0,0x50,0xAD,Read,ACK
0.209985440000000,0,0x50,0xBE,Read,ACK
0.210080800000000,0,0x50,0xEF,Read,NAK
0.221488480000000,,0x62,,Write,NAK
0.253210720000000,0,0x50,0x00,Write,ACK
0.253306080000000,0,0x50,0xDE,Write,ACK
0.253401440000000,0,0x50,0xAD,Write,ACK
0.253500160000000,0,0x50,0xBE,Write,ACK
0.253595520000000,0,0x50,0xEF,Write,ACK
0.265085920000000,0,0x50,0x04,Write,ACK
0.265181440000000,0,0x50,0x11,Write,ACK
0.265276800000000,0,0x50,0x22,Write,ACK
0.276961280000000,0,0x50,0x00,Write,ACK
0.277164000000000,0,0x50,0xDE,Read,ACK
0.277264160000000,0,0x50,0xAD,Read,ACK
0.277362880000000,0,0x50,0xBE,Read,ACK
0.277458240000000,0,0x50,0xEF,Read,NAK
0.288988960000000,,0x62,,Write,NAK
0.320711360000000,0,0x50,0x00,Write,ACK
0.320806720000000,0,0x50,0xDE,Write,ACK
0.320902080000000,0,0x50,0xAD,Write,ACK
0.321001440000000,0,0x50,0xBE,Write,ACK
0.321096800000000,0,0x50,0xEF,Write,ACK
0.332711840000000,0,0x50,0x04,Write,ACK
0.332807200000000,0,0x50,0x11,Write,ACK
0.332902560000000,0,0x50,0x22,Write,ACK
0.344586560000000,0,0x50,0x00,Write,ACK
0.344789280000000,0,0x50,0xDE,Read,ACK
0.344887840000000,0,0x50,0xAD,Read,ACK
0.344986560000000,0,0x50,0xBE,Read,ACK
0.345081920000000,0,0x50,0xEF,Read,NAK
0.356615360000000,,0x62,,Write,NAK
0.388212800000000,0,0x50,0x00,Write,ACK
0.388308160000000,0,0x50,0xDE,Write,ACK
0.388405600000000,0,0x50,0xAD,Write,ACK
0.388505600000000,0,0x50,0xBE,Write,ACK
0.388604320000000,0,0x50,0xEF,Write,ACK
0.400212640000000,0,0x50,0x04,Write,ACK
0.400308000000000,0,0x50,0x11,Write,ACK
0.400403360000000,0,0x50,0x22,Write,ACK
0.411963040000000,0,0x50,0x00,Write,ACK
0.412165760000000,0,0x50,0xDE,Read,ACK
0.412265920000000,0,0x50,0xAD,Read,ACK
0.412364640000000,0,0x50,0xBE,Read,ACK
0.412460000000000,0,0x50,0xEF,Read,NAK
0.423990880000000,,0x62,,Write,NAK
0.455712800000000,0,0x50,0x00,Write,ACK
0.455808160000000,0,0x50,0xDE,Write,ACK
0.455903520000000,0,0x50,0xAD,Write,ACK
0.456002720000000,0,0x50,0xBE,Write,ACK
0.456098240000000,0,0x50,0xEF,Write,ACK
0.467838240000000,0,0x50,0x04,Write,ACK
0.467933600000000,0,0x50,0x11,Write,ACK
0.468031680000000,0,0x50,0x22,Write,ACK
0.479713120000000,0,0x50,0x00,Write,ACK
0.479915680000000,0,0x50,0xDE,Read,ACK
0.480014400000000,0,0x50,0xAD,Read,ACK
0.480113120000000,0,0x50,0xBE,Read,ACK
0.480208480000000,0,0x50,0xEF,Read,NAK
0.491741600000000,,0x62,,Write,NAK
0.523339040000000,0,0x50,0x00,Write,ACK
0.523434400000000,0,0x50,0xDE,Write,ACK
0.523529760000000,0,0x50,0xAD,Write,ACK
0.523628480000000,0,0x50,0xBE,Write,ACK
0.523723840000000,0,0x50,0xEF,Write,ACK
0.535339680000000,0,0x50,0x04,Write,ACK
0.535435040000000,0,0x50,0x11,Write,ACK
0.535530400000000,0,0x50,0x22,Write,ACK
0.547213760000000,0,0x50,0x00,Write,ACK
0.547416480000000,0,0x50,0xDE,Read,ACK
0.547515200000000,0,0x50,0xAD,Read,ACK
0.547613920000000,0,0x50,0xBE,Read,ACK
0.547709280000000,0,0x50,0xEF,Read,NAK
0.559242400000000,,0x62,,Write,NAK
0.591089760000000,0,0x50,0x00,Write,ACK
0.591185120000000,0,0x50,0xDE,Write,ACK
0.591280480000000,0,0x50,0xAD,Write,ACK
0.591379200000000,0,0x50,0xBE,Write,ACK
0.591474560000000,0,0x50,0xEF,Write,ACK
0.603089760000000,0,0x50,0x04,Write,ACK
0.603185120000000,0,0x50,0x11,Write,ACK
0.603280480000000,0,0x50,0x22,Write,ACK
0.615089600000000,0,0x50,0x00,Write,ACK
0.615292320000000,0,0x50,0xDE,Read,ACK
0.615393120000000,0,0x50,0xAD,Read,ACK
0.615491840000000,0,0x50,0xBE,Read,ACK
0.615587200000000,0,0x50,0xEF,Read,NAK
0.627492800000000,,0x62,,Write,NAK
0.659340960000000,0,0x50,0x00,Write,ACK
0.659436320000000,0,0x50,0xDE,Write,ACK
0.659531680000000,0,0x50,0xAD,Write,ACK
0.659631040000000,0,0x50,0xBE,Write,ACK
0.659726400000000,0,0x50,0xEF,Write,ACK
0.671340160000000,0,0x50,0x04,Write,ACK
0.671435520000000,0,0x50,0x11,Write,ACK
0.671531040000000,0,0x50,0x22,Write,ACK
0.683215520000000,0,0x50,0x00,Write,ACK
0.683418240000000,0,0x50,0xDE,Read,ACK
0.683519040000000,0,0x50,0xAD,Read,ACK
0.683617600000000,0,0x50,0xBE,Read,ACK
0.683712960000000,0,0x50,0xEF,Read,NAK
0.695368640000000,,0x62,,Write,NAK
0.727091680000000,0,0x50,0x00,Write,ACK
0.727187040000000,0,0x50,0xDE,Write,ACK
0.727282400000000,0,0x50,0xAD,Write,ACK
0.727381920000000,0,0x50,0xBE,Write,ACK
0.727480480000000,0,0x50,0xEF,Write,ACK
0.738966720000000,0,0x50,0x04,Write,ACK
0.739062080000000,0,0x50,0x11,Write,ACK
0.739157440000000,0,0x50,0x22,Write,ACK
0.750841600000000,0,0x50,0x00,Write,ACK
0.751044320000000,0,0x50,0xDE,Read,ACK
0.751144320000000,0,0x50,0xAD,Read,ACK
0.751239840000000,0,0x50,0xBE,Read,ACK
0.751335200000000,0,0x50,0xEF,Read,NAK
0.762994720000000,,0x62,,Write,NAK
0.794841920000000,0,0x50,0x00,Write,ACK
0.794937280000000,0,0x50,0xDE,Write,ACK
0.795036000000000,0,0x50,0xAD,Write,ACK
0.795134720000000,0,0x50,0xBE,Write,ACK
0.795229920000000,0,0x50,0xEF,Write,ACK
0.806967680000000,0,0x50,0x04,Write,ACK
0.807063040000000,0,0x50,0x11,Write,ACK
0.807158400000000,0,0x50,0x22,Write,ACK
0.818842720000000,0,0x50,0x00,Write,ACK
0.819045600000000,0,0x50,0xDE,Read,ACK
0.819144960000000,0,0x50,0xAD,Read,ACK
0.819240320000000,0,0x50,0xBE,Read,ACK
0.819335680000000,0,0x50,0xEF,Read,NAK
0.830995360000000,,0x62,,Write,NAK
0.862842400000000,0,0x50,0x00,Write,ACK
0.862937760000000,0,0x50,0xDE,Write,ACK
0.863036480000000,0,0x50,0xAD,Write,ACK
0.863135840000000,0,0x50,0xBE,Write,ACK
0.863231200000000,0,0x50,0xEF,Write,ACK
0.874843520000000,0,0x50,0x04,Write,ACK
0.874938880000000,0,0x50,0x11,Write,ACK
0.875036160000000,0,0x50,0x22,Write,ACK
0.886717760000000,0,0x50,0x00,Write,ACK
0.886920640000000,0,0x50,0xDE,Read,ACK
0.887021280000000,0,0x50,0xAD,Read,ACK
0.887120000000000,0,0x50,0xBE,Read,ACK
0.887215360000000,0,0x50,0xEF,Read,NAK
0.898871040000000,,0x62,,Write,NAK
0.930718720000000,0,0x50,0x00,Write,ACK
0.930814080000000,0,0x50,0xDE,Write,ACK
0.930909440000000,0,0x50,0xAD,Write,ACK
0.931008160000000,0,0x50,0xBE,Write,ACK
0.931103520000000,0,0x50,0xEF,Write,ACK
0.942593600000000,0,0x50,0x04,Write,ACK
0.942688800000000,0,0x50,0x11,Write,ACK
0.942784160000000,0,0x50,0x22,Write,ACK
0.954469280000000,0,0x50,0x00,Write,ACK
0.954672000000000,0,0x50,0xDE,Read,ACK
0.954771360000000,0,0x50,0xAD,Read,ACK
0.954870080000000,0,0x50,0xBE,Read,ACK
0.954965440000000,0,0x50,0xEF,Read,NAK
0.966372320000000,,0x62,,Write,NAK
0.998219520000000,0,0x50,0x00,Write,ACK
0.998315040000000,0,0x50,0xDE,Write,ACK
0.998410400000000,0,0x50,0xAD,Write,ACK
0.998508960000000,0,0x50,0xBE,Write,ACK
0.998604320000000,0,0x50,0xEF,Write,ACK
1.010219840000000,0,0x50,0x04,Write,ACK
1.010315040000000,0,0x50,0x11,Write,ACK
1.010410400000000,0,0x50,0x22,Write,ACK
1.022094880000000,0,0x50,0x00,Write,ACK
1.022297760000000,0,0x50,0xDE,Read,ACK
1.022397760000000,0,0x50,0xAD,Read,ACK
1.022496480000000,0,0x50,0xBE,Read,ACK
1.022591840000000,0,0x50,0xEF,Read,NAK
1.033998080000000,,0x62,,Write,NAK
1.065845440000000,0,0x50,0x00,Write,ACK
1.065940800000000,0,0x50,0xDE,Write,ACK
1.066038720000000,0,0x50,0xAD,Write,ACK
1.066138080000000,0,0x50,0xBE,Write,ACK
1.066233440000000,0,0x50,0xEF,Write,ACK
1.077969600000000,0,0x50,0x04,Write,ACK
1.078065120000000,0,0x50,0x11,Write,ACK
1.078161120000000,0,0x50,0x22,Write,ACK
1.089845440000000,0,0x50,0x00,Write,ACK
1.090048160000000,0,0x50,0xDE,Read,ACK
1.090147520000000,0,0x50,0xAD,Read,ACK
1.090243040000000,0,0x50,0xBE,Read,ACK
1.090338400000000,0,0x50,0xEF,Read,NAK
1.101873280000000,,0x62,,Write,NAK
1.133471840000000,0,0x50,0x00,Write,ACK
1.133567200000000,0,0x50,0xDE,Write,ACK
1.133662560000000,0,0x50,0xAD,Write,ACK
1.133761120000000,0,0x50,0xBE,Write,ACK
1.133856480000000,0,0x50,0xEF,Write,ACK
1.145596000000000,0,0x50,0x04,Write,ACK
1.145691360000000,0,0x50,0x11,Write,ACK
1.145786720000000,0,0x50,0x22,Write,ACK
1.157470560000000,0,0x50,0x00,Write,ACK
1.157673280000000,0,0x50,0xDE,Read,ACK
1.157772640000000,0,0x50,0xAD,Read,ACK
1.157871360000000,0,0x50,0xBE,Read,ACK
1.157966720000000,0,0x50,0xEF,Read,NAK
1.169499680000000,,0x62,,Write,NAK
1.201471840000000,0,0x50,0x00,Write,ACK
1.201567200000000,0,0x50,0xDE,Write,ACK
1.201662400000000,0,0x50,0xAD,Write,ACK
1.201761120000000,0,0x50,0xBE,Write,ACK
1.201856480000000,0,0x50,0xEF,Write,ACK
1.213472320000000,0,0x50,0x04,Write,ACK
1.213567840000000,0,0x50,0x11,Write,ACK
1.213663200000000,0,0x50,0x22,Write,ACK
1.225221600000000,0,0x50,0x00,Write,ACK
1.225424320000000,0,0x50,0xDE,Read,ACK
1.225523040000000,0,0x50,0xAD,Read,ACK
1.225621760000000,0,0x50,0xBE,Read,ACK
1.225717120000000,0,0x50,0xEF,Read,NAK
1.237124960000000,,0x62,,Write,NAK
1.269097920000000,0,0x50,0x00,Write,ACK
1.269193280000000,0,0x50,0xDE,Write,ACK
1.269288640000000,0,0x50,0xAD,Write,ACK
1.269388000000000,0,0x50,0xBE,Write,ACK
1.269486720000000,0,0x50,0xEF,Write,ACK
1.281097440000000,0,0x50,0x04,Write,ACK
1.281192800000000,0,0x50,0x11,Write,ACK
1.281288160000000,0,0x50,0x22,Write,ACK
1.293097600000000,0,0x50,0x00,Write,ACK
1.293300480000000,0,0x50,0xDE,Read,ACK
1.293401120000000,0,0x50,0xAD,Read,ACK
1.293499840000000,0,0x50,0xBE,Read,ACK
1.293595200000000,0,0x50,0xEF,Read,NAK
1.305125920000000,,0x62,,Write,NAK
1.336972800000000,0,0x50,0x00,Write,ACK
1.337068160000000,0,0x50,0xDE,Write,ACK
1.337164160000000,0,0x50,0xAD,Write,ACK
1.337263520000000,0,0x50,0xBE,Write,ACK
1.337358880000000,0,0x50,0xEF,Write,ACK
1.348972800000000,0,0x50,0x04,Write,ACK
1.349068320000000,0,0x50,0x11,Write,ACK
1.349163680000000,0,0x50,0x22,Write,ACK
1.360972800000000,0,0x50,0x00,Write,ACK
1.361175520000000,0,0x50,0xDE,Read,ACK
1.361274240000000,0,0x50,0xAD,Read,ACK
1.361372960000000,0,0x50,0xBE,Read,ACK
1.361468480000000,0,0x50,0xEF,Read,NAK
1.373001760000000,,0x62,,Write,NAK
1.404973760000000,0,0x50,0x00,Write,ACK
1.405069280000000,0,0x50,0xDE,Write,ACK
1.405164640000000,0,0x50,0xAD,Write,ACK
1.405264000000000,0,0x50,0xBE,Write,ACK
1.405359360000000,0,0x50,0xEF,Write,ACK
1.416974560000000,0,0x50,0x04,Write,ACK
1.417069920000000,0,0x50,0x11,Write,ACK
1.417165280000000,0,0x50,0x22,Write,ACK
1.428724000000000,0,0x50,0x00,Write,ACK
1.428926720000000,0,0x50,0xDE,Read,ACK
1.429025440000000,0,0x50,0xAD,Read,ACK
1.429124000000000,0,0x50,0xBE,Read,ACK
1.429219360000000,0,0x50,0xEF,Read,NAK
1.440754720000000,,0x62,,Write,NAK
1.472475200000000,0,0x50,0x00,Write,ACK
1.472570720000000,0,0x50,0xDE,Write,ACK
1.472666080000000,0,0x50,0xAD,Write,ACK
1.472764800000000,0,0x50,0xBE,Write,ACK
1.472860160000000,0,0x50,0xEF,Write,ACK
1.484349440000000,0,0x50,0x04,Write,ACK
1.484444800000000,0,0x50,0x11,Write,ACK
1.484540160000000,0,0x50,0x22,Write,ACK
1.496225440000000,0,0x50,0x00,Write,ACK
1.496428160000000,0,0x50,0xDE,Read,ACK
1.496528320000000,0,0x50,0xAD,Read,ACK
1.496627040000000,0,0x50,0xBE,Read,ACK
1.496722400000000,0,0x50,0xEF,Read,NAK
1.508378080000000,,0x62,,Write,NAK
1.540226400000000,0,0x50,0x00,Write,ACK
1.540321760000000,0,0x50,0xDE,Write,ACK
1.540417120000000,0,0x50,0xAD,Write,ACK
1.540516480000000,0,0x50,0xBE,Write,ACK
1.540615200000000,0,0x50,0xEF,Write,ACK
1.552225600000000,0,0x50,0x04,Write,ACK
1.552320960000000,0,0x50,0x11,Write,ACK
1.552416320000000,0,0x50,0x22,Write,ACK
1.564100960000000,0,0x50,0x00,Write,ACK
1.564303680000000,0,0x50,0xDE,Read,ACK
1.564404320000000,0,0x50,0xAD,Read,ACK
1.564503040000000,0,0x50,0xBE,Read,ACK
1.564598400000000,0,0x50,0xEF,Read,NAK
1.576128960000000,,0x62,,Write,NAK
1.607977120000000,0,0x50,0x00,Write,ACK
1.608072320000000,0,0x50,0xDE,Write,ACK
1.608167680000000,0,0x50,0xAD,Write,ACK
1.608267040000000,0,0x50,0xBE,Write,ACK
1.608365760000000,0,0x50,0xEF,Write,ACK
1.619976160000000,0,0x50,0x04,Write,ACK
1.620071520000000,0,0x50,0x11,Write,ACK
1.620166880000000,0,0x50,0x22,Write,ACK
1.631976640000000,0,0x50,0x00,Write,ACK
1.632179360000000,0,0x50,0xDE,Read,ACK
1.632279520000000,0,0x50,0xAD,Read,ACK
1.632378080000000,0,0x50,0xBE,Read,ACK
1.632473440000000,0,0x50,0xEF,Read,NAK
1.643880000000000,,0x62,,Write,NAK
1.675477440000000,0,0x50,0x00,Write,ACK
1.675572800000000,0,0x50,0xDE,Write,ACK
1.675668160000000,0,0x50,0xAD,Write,ACK
1.675766880000000,0,0x50,0xBE,Write,ACK
1.675862240000000,0,0x50,0xEF,Write,ACK
1.687227520000000,0,0x50,0x04,Write,ACK
1.687322880000000,0,0x50,0x11,Write,ACK
1.687418080000000,0,0x50,0x22,Write,ACK
1.698855040000000,0,0x50,0x00,Write,ACK
1.699057920000000,0,0x50,0xDE,Read,ACK
1.699157920000000,0,0x50,0xAD,Read,ACK
1.699256640000000,0,0x50,0xBE,Read,ACK
1.699352000000000,0,0x50,0xEF,Read,NAK
1.710758080000000,,0x62,,Write,NAK
1.742352480000000,0,0x50,0x00,Write,ACK
1.742447840000000,0,0x50,0xDE,Write,ACK
1.742543360000000,0,0x50,0xAD,Write,ACK
1.742642720000000,0,0x50,0xBE,Write,ACK
1.742738080000000,0,0x50,0xEF,Write,ACK
1.754103040000000,0,0x50,0x04,Write,ACK
1.754198400000000,0,0x50,0x11,Write,ACK
1.754293760000000,0,0x50,0x22,Write,ACK
1.765855360000000,0,0x50,0x00,Write,ACK
1.766058080000000,0,0x50,0xDE,Read,ACK
1.766158880000000,0,0x50,0xAD,Read,ACK
1.766257600000000,0,0x50,0xBE,Read,ACK
1.766352960000000,0,0x50,0xEF,Read,NAK
1.777758720000000,,0x62,,Write,NAK
1.809479520000000,0,0x50,0x00,Write,ACK
1.809574880000000,0,0x50,0xDE,Write,ACK
1.809670240000000,0,0x50,0xAD,Write,ACK
1.809768800000000,0,0x50,0xBE,Write,ACK
1.809864160000000,0,0x50,0xEF,Write,ACK
1.821479360000000,0,0x50,0x04,Write,ACK
1.821574720000000,0,0x50,0x11,Write,ACK
1.821670080000000,0,0x50,0x22,Write,ACK
1.833229120000000,0,0x50,0x00,Write,ACK
1.833432000000000,0,0x50,0xDE,Read,ACK
1.833532000000000,0,0x50,0xAD,Read,ACK
1.833630560000000,0,0x50,0xBE,Read,ACK
1.833725920000000,0,0x50,0xEF,Read,NAK
1.845382240000000,,0x62,,Write,NAK
1.877105280000000,0,0x50,0x00,Write,ACK
1.877200640000000,0,0x50,0xDE,Write,ACK
1.877296000000000,0,0x50,0xAD,Write,ACK
1.877395360000000,0,0x50,0xBE,Write,ACK
1.877494080000000,0,0x50,0xEF,Write,ACK
1.889105120000000,0,0x50,0x04,Write,ACK
1.889200480000000,0,0x50,0x11,Write,ACK
1.889295840000000,0,0x50,0x22,Write,ACK
1.900979200000000,0,0x50,0x00,Write,ACK
1.901182080000000,0,0x50,0xDE,Read,ACK
1.901280640000000,0,0x50,0xAD,Read,ACK
1.901379360000000,0,0x50,0xBE,Read,ACK
1.901474880000000,0,0x50,0xEF,Read,NAK
1.912883040000000,,0x62,,Write,NAK
1.944480800000000,0,0x50,0x00,Write,ACK
1.944576160000000,0,0x50,0xDE,Write,ACK
1.944671520000000,0,0x50,0xAD,Write,ACK
1.944770240000000,0,0x50,0xBE,Write,ACK
1.944865760000000,0,0x50,0xEF,Write,ACK
1.956355680000000,0,0x50,0x04,Write,ACK
1.956451040000000,0,0x50,0x11,Write,ACK
1.956546400000000,0,0x50,0x22,Write,ACK
1.968229920000000,0,0x50,0x00,Write,ACK
1.968432640000000,0,0x50,0xDE,Read,ACK
1.968531360000000,0,0x50,0xAD,Read,ACK
1.968630080000000,0,0x50,0xBE,Read,ACK
1.968725440000000,0,0x50,0xEF,Read,NAK
1.980258560000000,,0x62,,Write,NAK
2.012106560000000,0,0x50,0x00,Write,ACK
2.012201920000000,0,0x50,0xDE,Write,ACK
2.012297280000000,0,0x50,0xAD,Write,ACK
2.012396480000000,0,0x50,0xBE,Write,ACK
2.012495200000000,0,0x50,0xEF,Write,ACK
2.023980960000000,0,0x50,0x04,Write,ACK
2.024076320000000,0,0x50,0x11,Write,ACK
2.024171680000000,0,0x50,0x22,Write,ACK
2.035731360000000,0,0x50,0x00,Write,ACK
2.035934080000000,0,0x50,0xDE,Read,ACK
2.036034080000000,0,0x50,0xAD,Read,ACK
2.036132800000000,0,0x50,0xBE,Read,ACK
2.036228160000000,0,0x50,0xEF,Read,NAK
